,Year,Winner,Musical,Music,Book,Lyrics,Link
0,1949,True,"Kiss Me, Kate",Cole Porter,Bella & Samuel Spewack,Cole Porter,"https://en.wikipedia.org/wiki/Kiss_Me,_Kate"
1,1950,True,South Pacific †,Richard Rodgers,Oscar Hammerstein II & Joshua Logan,Hammerstein,https://en.wikipedia.org/wiki/South_Pacific_(musical)
2,1951,True,Guys and Dolls,Frank Loesser,Abe Burrows & Jo Swerling,Frank Loesser,https://en.wikipedia.org/wiki/Guys_and_Dolls
3,1952,True,The King and I,Richard Rodgers,Oscar Hammerstein II,Hammerstein,https://en.wikipedia.org/wiki/The_King_and_I
4,1953,True,Wonderful Town,Leonard Bernstein,Jerome Chodorov & Joseph Fields,Betty Comden & Adolph Green,https://en.wikipedia.org/wiki/Wonderful_Town
5,1954,True,Kismet,Alexander Borodin,Luther Davis & Charles Lederer,Chet Forrest & Bob Wright,https://en.wikipedia.org/wiki/Kismet_(musical)
6,1955,True,The Pajama Game,Richard Adler & Jerry Ross,George Abbott & Richard Pike Bissell,Richard Adler & Jerry Ross,https://en.wikipedia.org/wiki/The_Pajama_Game
7,1956,True,Damn Yankees,Richard Adler,George Abbott & Douglass Wallop,Jerry Ross,https://en.wikipedia.org/wiki/Damn_Yankees
8,1956,False,Pipe Dream,Richard Rodgers,Oscar Hammerstein II,Hammerstein,https://en.wikipedia.org/wiki/Pipe_Dream_(musical)
9,1957,True,My Fair Lady,Frederick Loewe,Alan Jay Lerner,Lerner,https://en.wikipedia.org/wiki/My_Fair_Lady
10,1957,False,Bells Are Ringing,Jule Styne,Betty Comden & Adolph Green,Comden & Green,https://en.wikipedia.org/wiki/Bells_Are_Ringing_(musical)
11,1957,False,Candide,Leonard Bernstein,Lillian Hellman,Richard Wilbur,https://en.wikipedia.org/wiki/Candide_(operetta)
12,1957,False,The Most Happy Fella,Frank Loesser,Frank Loesser,Frank Loesser,https://en.wikipedia.org/wiki/The_Most_Happy_Fella
13,1958,True,The Music Man,Willson,Franklin Lacey & Meredith Willson,Willson,https://en.wikipedia.org/wiki/The_Music_Man
14,1958,False,West Side Story,Leonard Bernstein,Arthur Laurents,Stephen Sondheim,https://en.wikipedia.org/wiki/West_Side_Story
15,1958,False,New Girl in Town,Bob Merrill,George Abbott,Bob Merrill,https://en.wikipedia.org/wiki/New_Girl_in_Town
16,1958,False,"Oh, Captain!",Ray Evans & Jay Livingston,José Ferrer & Al Morgan,Ray Evans & Jay Livingston,"https://en.wikipedia.org/wiki/Oh,_Captain!"
17,1958,False,Jamaica,Harold Arlen,Yip Harburg & Fred Saidy,Harburg,https://en.wikipedia.org/wiki/Jamaica_(musical)
18,1959,True,Redhead,Albert Hague,"Dorothy, Herbert Fields, David Shaw & Sidney Sheldon",D. Fields,https://en.wikipedia.org/wiki/Redhead_(musical)
19,1959,False,Flower Drum Song,Richard Rodgers,Joseph Fields & Oscar Hammerstein II,Hammerstein,https://en.wikipedia.org/wiki/Flower_Drum_Song
20,1959,False,La Plume de Ma Tante,Gérard Calvi,Robert Dhéry,Ross Parker,https://en.wikipedia.org/wiki/La_Plume_de_Ma_Tante
21,1960,True,The Sound of Music,Richard Rodgers,Russel Crouse & Howard Lindsay,Oscar Hammerstein II,https://en.wikipedia.org/wiki/The_Sound_of_Music
22,1960,True,Fiorello! †,Jerry Bock,George Abbott & Jerome Weidman,Sheldon Harnick,https://en.wikipedia.org/wiki/Fiorello!
23,1960,False,Gypsy,Jule Styne,Arthur Laurents,Stephen Sondheim,https://en.wikipedia.org/wiki/Gypsy_(musical)
24,1960,False,Once Upon a Mattress,Mary Rodgers,"Marshall Barer, Dean Fuller & Jay Thompson",Barer,https://en.wikipedia.org/wiki/Once_Upon_a_Mattress
25,1960,False,Take Me Along,Bob Merrill,Bob Russell & Joseph Stein,Bob Merrill,https://en.wikipedia.org/wiki/Take_Me_Along
26,1961,True,Bye Bye Birdie,Charles Strouse,Michael Stewart,Lee Adams,https://en.wikipedia.org/wiki/Bye_Bye_Birdie_(musical)
27,1961,False,Do Re Mi,Jule Styne,Garson Kanin,Betty Comden & Adolph Green,https://en.wikipedia.org/wiki/Do_Re_Mi_(musical)
28,1961,False,Irma La Douce,Marguerite Monnot,"Alexandre Breffort, David Heneker, Julian More & Monty Norman","Breffort, Heneker, More & Norman",https://en.wikipedia.org/wiki/Irma_La_Douce_(musical)
29,1962,True,How to Succeed in Business Without Really Trying †,Frank Loesser,"Abe Burrows, Willie Gilbert & Jack Weinstock",Frank Loesser,https://en.wikipedia.org/wiki/How_to_Succeed_in_Business_Without_Really_Trying_(musical)
30,1962,False,Carnival!,Bob Merrill,Helen Deutsch & Michael Stewart,Bob Merrill,https://en.wikipedia.org/wiki/Carnival!
31,1962,False,Milk and Honey,Jerry Herman,Don Appell,Jerry Herman,https://en.wikipedia.org/wiki/Milk_and_Honey_(musical)
32,1962,False,No Strings,Richard Rodgers,Samuel A. Taylor,Richard Rodgers,https://en.wikipedia.org/wiki/No_Strings
33,1963,True,A Funny Thing Happened on the Way to the Forum,Stephen Sondheim,Larry Gelbart & Burt Shevelove,Stephen Sondheim,https://en.wikipedia.org/wiki/A_Funny_Thing_Happened_on_the_Way_to_the_Forum
34,1963,False,Little Me,Cy Coleman,Neil Simon,Carolyn Leigh,https://en.wikipedia.org/wiki/Little_Me_(musical)
35,1963,False,Oliver!,Lionel Bart,Lionel Bart,Lionel Bart,https://en.wikipedia.org/wiki/Oliver!
36,1963,False,Stop the World – I Want to Get Off,Leslie Bricusse & Anthony Newley,Leslie Bricusse & Anthony Newley,Leslie Bricusse & Anthony Newley,https://en.wikipedia.org/wiki/Stop_the_World_%E2%80%93_I_Want_to_Get_Off
37,1964,True,"Hello, Dolly!",Jerry Herman,Michael Stewart,Jerry Herman,"https://en.wikipedia.org/wiki/Hello,_Dolly!_(musical)"
38,1964,False,Funny Girl,Jule Styne,Isobel Lennart,Bob Merrill,https://en.wikipedia.org/wiki/Funny_Girl_(musical)
39,1964,False,High Spirits,Timothy Gray & Hugh Martin,Timothy Gray & Hugh Martin,Timothy Gray & Hugh Martin,https://en.wikipedia.org/wiki/High_Spirits_(musical)
40,1964,False,She Loves Me,Jerry Bock,Joe Masteroff,Sheldon Harnick,https://en.wikipedia.org/wiki/She_Loves_Me
41,1965,True,Fiddler on the Roof,Jerry Bock,Joseph Stein,Sheldon Harnick,https://en.wikipedia.org/wiki/Fiddler_on_the_Roof
42,1965,False,Golden Boy,Charles Strouse,William Gibson & Clifford Odets,Lee Adams,https://en.wikipedia.org/wiki/Golden_Boy_(musical)
43,1965,False,Half a Sixpence,David Heneker,Beverley Cross,David Heneker,https://en.wikipedia.org/wiki/Half_a_Sixpence
44,1965,False,"Oh, What a Lovely War!",Various,Joan Littlewood & Theatre Workshop,Various,"https://en.wikipedia.org/wiki/Oh,_What_a_Lovely_War!"
45,1966,True,Man of La Mancha,Mitch Leigh,Dale Wasserman,Joe Darion,https://en.wikipedia.org/wiki/Man_of_La_Mancha
46,1966,False,Mame,Jerry Herman,Jerome Lawrence & Robert E. Lee,Jerry Herman,https://en.wikipedia.org/wiki/Mame_(musical)
47,1966,False,Skyscraper,Jimmy Van Heusen,Peter Stone,Sammy Cahn,https://en.wikipedia.org/wiki/Skyscraper_(musical)
48,1966,False,Sweet Charity,Cy Coleman,Neil Simon,Dorothy Fields,https://en.wikipedia.org/wiki/Sweet_Charity
49,1967,True,Cabaret,John Kander,Joe Masteroff,Fred Ebb,https://en.wikipedia.org/wiki/Cabaret_(musical)
50,1967,False,I Do! I Do!,Harvey Schmidt,Tom Jones,Jones,https://en.wikipedia.org/wiki/I_Do!_I_Do!
51,1967,False,The Apple Tree,Bock,Jerry Bock & Sheldon Harnick,Harnick,https://en.wikipedia.org/wiki/The_Apple_Tree
52,1967,False,Walking Happy,Jimmy Van Heusen,Ketti Frings & Roger O. Hirson,Sammy Cahn,https://en.wikipedia.org/wiki/Walking_Happy
53,1968,True,"Hallelujah, Baby!",Jule Styne,Arthur Laurents,Betty Comden & Adolph Green,"https://en.wikipedia.org/wiki/Hallelujah,_Baby!"
54,1968,False,The Happy Time,John Kander,N. Richard Nash,Fred Ebb,https://en.wikipedia.org/wiki/The_Happy_Time_(musical)
55,1968,False,"How Now, Dow Jones",Elmer Bernstein,Max Shulman,Carolyn Leigh,"https://en.wikipedia.org/wiki/How_Now,_Dow_Jones"
56,1968,False,Illya Darling,Manos Hatzidakis,Jules Dassin,Joe Darion,https://en.wikipedia.org/wiki/Illya_Darling
57,1969,True,1776,Sherman Edwards,Peter Stone,Sherman Edwards,https://en.wikipedia.org/wiki/1776_(musical)
58,1969,False,Hair,Galt MacDermot,James Rado & Gerome Ragni,Rado,https://en.wikipedia.org/wiki/Hair_(musical)
59,1969,False,"Promises, Promises",Burt Bacharach,Neil Simon,Hal David,"https://en.wikipedia.org/wiki/Promises,_Promises_(musical)"
60,1969,False,Zorba,John Kander,Joseph Stein,Fred Ebb,https://en.wikipedia.org/wiki/Zorba_(musical)
61,1970,True,Applause,Charles Strouse,Betty Comden & Adolph Green,Lee Adams,https://en.wikipedia.org/wiki/Applause_(musical)
62,1970,False,Coco,André Previn,Alan Jay Lerner,Lerner,https://en.wikipedia.org/wiki/Coco_(musical)
63,1970,False,Purlie,Gary Geld,"Ossie Davis, Philip Rose & Peter Udell",Udell,https://en.wikipedia.org/wiki/Purlie
64,1971,True,Company,Stephen Sondheim,George Furth,Stephen Sondheim,https://en.wikipedia.org/wiki/Company_(musical)
65,1971,False,The Me Nobody Knows,Gary William Friedman,"Stephen M. Joseph, Robert H. Livingston & Herb Schapiro",Will Holt,https://en.wikipedia.org/wiki/The_Me_Nobody_Knows
66,1971,False,The Rothschilds,Jerry Bock,Sherman Yellen,Sheldon Harnick,https://en.wikipedia.org/wiki/The_Rothschilds_(musical)
67,1972,True,Two Gentlemen of Verona,Galt MacDermot,John Guare & Mel Shapiro,Guare,https://en.wikipedia.org/wiki/Two_Gentlemen_of_Verona_(musical)
68,1972,False,Ain't Supposed to Die a Natural Death,Block,Block,Block,https://en.wikipedia.org/wiki/Ain%27t_Supposed_to_Die_a_Natural_Death
69,1972,False,Follies,Stephen Sondheim,James Goldman,Stephen Sondheim,https://en.wikipedia.org/wiki/Follies
70,1972,False,Grease,Warren Casey & Jim Jacobs,Warren Casey & Jim Jacobs,Warren Casey & Jim Jacobs,https://en.wikipedia.org/wiki/Grease_(musical)
71,1973,True,A Little Night Music,Stephen Sondheim,Hugh Wheeler,Stephen Sondheim,https://en.wikipedia.org/wiki/A_Little_Night_Music
72,1973,False,"Don't Bother Me, I Can't Cope",Micki Grant,Micki Grant,Micki Grant,"https://en.wikipedia.org/wiki/Don%27t_Bother_Me,_I_Can%27t_Cope"
73,1973,False,Pippin,Stephen Schwartz,Bob Fosse & Roger O. Hirson,Stephen Schwartz,https://en.wikipedia.org/wiki/Pippin_(musical)
74,1973,False,Sugar,Jule Styne,Peter Stone,Bob Merrill,https://en.wikipedia.org/wiki/Sugar_(musical)
75,1974,True,Raisin,Judd Woldin,Robert Nemiroff & Charlotte Zaltzberg,Robert Brittan,https://en.wikipedia.org/wiki/Raisin_(musical)
76,1974,False,Over Here!,Sherman Brothers,Will Holt,Sherman Brothers,https://en.wikipedia.org/wiki/Over_Here!
77,1974,False,Seesaw,Cy Coleman,Michael Bennett,Dorothy Fields,https://en.wikipedia.org/wiki/Seesaw_(musical)
78,1975,True,The Wiz,Charlie Smalls,William F. Brown,Charlie Smalls,https://en.wikipedia.org/wiki/The_Wiz
79,1975,False,Mack & Mabel,Jerry Herman,Michael Stewart,Jerry Herman,https://en.wikipedia.org/wiki/Mack_%26_Mabel
80,1975,False,The Lieutenant,"Gene Curty, Nitra Scharfman & Chuck Strand","Gene Curty, Nitra Scharfman & Chuck Strand","Gene Curty, Nitra Scharfman & Chuck Strand",https://en.wikipedia.org/wiki/The_Lieutenant_(musical)
81,1975,False,Shenandoah,Gary Geld,"James Lee Barrett, Philip Rose & Peter Udell",Udell,https://en.wikipedia.org/wiki/Shenandoah_(musical)
82,1976,True,A Chorus Line †,Marvin Hamlisch,James Kirkwood Jr. & Nicholas Dante,Ed Kleban,https://en.wikipedia.org/wiki/A_Chorus_Line
83,1976,False,Bubbling Brown Sugar,Various,Loften Mitchell,Various,https://en.wikipedia.org/wiki/Bubbling_Brown_Sugar
84,1976,False,Chicago,John Kander,Fred Ebb & Bob Fosse,Ebb,https://en.wikipedia.org/wiki/Chicago_(musical)
85,1976,False,Pacific Overtures,Stephen Sondheim,John Weidman,Stephen Sondheim,https://en.wikipedia.org/wiki/Pacific_Overtures
86,1977,True,Annie,Charles Strouse,Thomas Meehan,Martin Charnin,https://en.wikipedia.org/wiki/Annie_(musical)
87,1977,False,Happy End,Kurt Weill,Elisabeth Hauptmann,Bertolt Brecht,https://en.wikipedia.org/wiki/Happy_End_(musical)
88,1977,False,I Love My Wife,Cy Coleman,Michael Stewart,Stewart,https://en.wikipedia.org/wiki/I_Love_My_Wife
89,1977,False,Side by Side by Sondheim,Stephen Sondheim,N/A,Stephen Sondheim,https://en.wikipedia.org/wiki/Side_by_Side_by_Sondheim
90,1978,True,Ain't Misbehavin',Fats Waller,Murray Horwitz & Richard Maltby Jr.,Various,https://en.wikipedia.org/wiki/Ain%27t_Misbehavin%27_(musical)
91,1978,False,Dancin',Various,N/A,Various,https://en.wikipedia.org/wiki/Dancin%27
92,1978,False,On the Twentieth Century,Cy Coleman,Betty Comden & Adolph Green,Comden & Green,https://en.wikipedia.org/wiki/On_the_Twentieth_Century
93,1978,False,Runaways,Elizabeth Swados,Elizabeth Swados,Elizabeth Swados,https://en.wikipedia.org/wiki/Runaways_(musical)
94,1979,True,Sweeney Todd,Stephen Sondheim,Hugh Wheeler,Stephen Sondheim,https://en.wikipedia.org/wiki/Sweeney_Todd:_The_Demon_Barber_of_Fleet_Street
95,1979,False,Ballroom,Billy Goldenberg,Jerome Kass,Alan & Marilyn Bergman,https://en.wikipedia.org/wiki/Ballroom_(musical)
96,1979,False,The Best Little Whorehouse in Texas,Carol Hall,Larry L. King & Peter Masterson,Carol Hall,https://en.wikipedia.org/wiki/The_Best_Little_Whorehouse_in_Texas
97,1979,False,They're Playing Our Song,Marvin Hamlisch,Neil Simon,Carole Bayer Sager,https://en.wikipedia.org/wiki/They%27re_Playing_Our_Song
98,1980,True,Evita,Andrew Lloyd Webber,Tim Rice,Rice,https://en.wikipedia.org/wiki/Evita_(musical)
99,1980,False,A Day in Hollywood / A Night in the Ukraine,Frank Lazarus,Dick Vosburgh,Vosburgh,https://en.wikipedia.org/wiki/A_Day_in_Hollywood_/_A_Night_in_the_Ukraine
100,1980,False,Barnum,Cy Coleman,Mark Bramble,Michael Stewart,https://en.wikipedia.org/wiki/Barnum_(musical)
101,1980,False,Sugar Babies,Jimmy McHugh,Ralph G. Allen,Al Dubin & Dorothy Fields,https://en.wikipedia.org/wiki/Sugar_Babies_(musical)
102,1981,True,42nd Street,Harry Warren,Mark Bramble & Michael Stewart,Al Dubin,https://en.wikipedia.org/wiki/42nd_Street_(musical)
103,1981,False,Sophisticated Ladies,Duke Ellington,Donald McKayle,Various,https://en.wikipedia.org/wiki/Sophisticated_Ladies
104,1981,False,Tintypes,Various,Mel Marvin & Gary Pearle,Various,https://en.wikipedia.org/wiki/Tintypes
105,1981,False,Woman of the Year,John Kander,Peter Stone,Fred Ebb,https://en.wikipedia.org/wiki/Woman_of_the_Year_(musical)
106,1982,True,Nine,Maury Yeston,Arthur Kopit,Maury Yeston,https://en.wikipedia.org/wiki/Nine_(musical)
107,1982,False,Dreamgirls,Henry Krieger,Tom Eyen,Eyen,https://en.wikipedia.org/wiki/Dreamgirls
108,1982,False,Joseph and the Amazing Technicolor Dreamcoat,Andrew Lloyd Webber,Tim Rice,Rice,https://en.wikipedia.org/wiki/Joseph_and_the_Amazing_Technicolor_Dreamcoat
109,1982,False,Pump Boys and Dinettes,"John Foley, Mark Hardwick, Debra Monk, Cass Morgan, John Schimmel & Jim Wann","John Foley, Mark Hardwick, Debra Monk, Cass Morgan, John Schimmel & Jim Wann","John Foley, Mark Hardwick, Debra Monk, Cass Morgan, John Schimmel & Jim Wann",https://en.wikipedia.org/wiki/Pump_Boys_and_Dinettes
110,1983,True,Cats,Andrew Lloyd Webber,T. S. Eliot,Eliot & Trevor Nunn,https://en.wikipedia.org/wiki/Cats_(musical)
111,1983,False,Blues in the Night,Various,N/A,Various,https://en.wikipedia.org/wiki/Blues_in_the_Night_(musical)
112,1983,False,Merlin,Elmer Bernstein,Richard Levinson & William Link,Don Black,https://en.wikipedia.org/wiki/Merlin_(musical)
113,1983,False,My One and Only,George Gershwin,Timothy S. Mayer & Peter Stone,Ira Gershwin,https://en.wikipedia.org/wiki/My_One_and_Only_(musical)
114,1984,True,La Cage aux Folles,Jerry Herman,Harvey Fierstein,Jerry Herman,https://en.wikipedia.org/wiki/La_Cage_aux_Folles_(musical)
115,1984,False,Baby,David Shire,Sybille Pearson,Richard Maltby Jr.,https://en.wikipedia.org/wiki/Baby_(musical)
116,1984,False,Sunday in the Park with George †,Stephen Sondheim,James Lapine,Stephen Sondheim,https://en.wikipedia.org/wiki/Sunday_in_the_Park_with_George
117,1984,False,The Tap Dance Kid,Henry Krieger,Charles Blackwell,Robert Lorick,https://en.wikipedia.org/wiki/The_Tap_Dance_Kid
118,1985,True,Big River,Roger Miller,William Hauptman,Roger Miller,https://en.wikipedia.org/wiki/Big_River_(musical)
119,1985,False,Grind,Larry Grossman,Fay Kanin,Ellen Fitzhugh,https://en.wikipedia.org/wiki/Grind_(musical)
120,1985,False,Leader of the Pack,Ellie Greenwich,Anne Beatts,Various,https://en.wikipedia.org/wiki/Leader_of_the_Pack_(musical)
121,1985,False,Quilters,Damashek,Barbara Damashek & Molly Newman,Damashek,https://en.wikipedia.org/wiki/Quilters_(musical)
122,1986,True,The Mystery of Edwin Drood,Rupert Holmes,Rupert Holmes,Rupert Holmes,https://en.wikipedia.org/wiki/Drood
123,1986,False,Big Deal,Various,Bob Fosse,Various,https://en.wikipedia.org/wiki/Big_Deal_(musical)
124,1986,False,Song and Dance,Andrew Lloyd Webber,N/A,Don Black,https://en.wikipedia.org/wiki/Song_and_Dance
125,1986,False,Tango Argentino,Various,N/A,Various,https://en.wikipedia.org/wiki/Tango_Argentino_(musical)
126,1987,True,Les Misérables,Schönberg,Alain Boublil & Claude-Michel Schönberg,Herbert Kretzmer,https://en.wikipedia.org/wiki/Les_Mis%C3%A9rables_(musical)
127,1987,False,Me and My Girl,Noel Gay,Douglas Furber & L. Arthur Rose,Furber & Rose,https://en.wikipedia.org/wiki/Me_and_My_Girl
128,1987,False,Rags,Charles Strouse,Joseph Stein,Stephen Schwartz,https://en.wikipedia.org/wiki/Rags_(musical)
129,1987,False,Starlight Express,Andrew Lloyd Webber,N/A,Richard Stilgoe,https://en.wikipedia.org/wiki/Starlight_Express
130,1988,True,The Phantom of the Opera,Webber,Richard Stilgoe & Andrew Lloyd Webber,Charles Hart,https://en.wikipedia.org/wiki/The_Phantom_of_the_Opera_(1986_musical)
131,1988,False,Into the Woods,Stephen Sondheim,James Lapine,Stephen Sondheim,https://en.wikipedia.org/wiki/Into_the_Woods
132,1988,False,Romance/Romance,Keith Herrmann,Barry Harman,Harman,https://en.wikipedia.org/wiki/Romance/Romance
133,1988,False,Sarafina!,Mbongeni Ngema,Mbongeni Ngema,Mbongeni Ngema,https://en.wikipedia.org/wiki/Sarafina!_(musical)
134,1989,True,Jerome Robbins' Broadway,Various,N/A,Various,https://en.wikipedia.org/wiki/Jerome_Robbins%27_Broadway
135,1989,False,Black and Blue,Various,N/A,Various,https://en.wikipedia.org/wiki/Black_and_Blue_(musical)
136,1989,False,Starmites,Keating,Barry Keating & Stuart Ross,Keating,https://en.wikipedia.org/wiki/Starmites
137,1990,True,City of Angels,Cy Coleman,Larry Gelbart,David Zippel,https://en.wikipedia.org/wiki/City_of_Angels_(musical)
138,1990,False,Aspects of Love,Don Black & Charles Hart,Andrew Lloyd Webber,Don Black & Charles Hart,https://en.wikipedia.org/wiki/Aspects_of_Love
139,1990,False,Grand Hotel,"Chet Forrest, Bob Wright & Maury Yeston",Luther Davis,"Chet Forrest, Bob Wright & Maury Yeston",https://en.wikipedia.org/wiki/Grand_Hotel_(musical)
140,1990,False,Meet Me in St. Louis,Ralph Blane & Hugh Martin,Hugh Wheeler,Ralph Blane & Hugh Martin,https://en.wikipedia.org/wiki/Meet_Me_in_St._Louis_(musical)
141,1991,True,The Will Rogers Follies,Cy Coleman,Peter Stone,Betty Comden & Adolph Green,https://en.wikipedia.org/wiki/The_Will_Rogers_Follies
142,1991,False,Miss Saigon,Schönberg,Alain Boublil & Claude-Michel Schönberg,Boublil & Richard Maltby Jr.,https://en.wikipedia.org/wiki/Miss_Saigon
143,1991,False,Once on This Island,Stephen Flaherty,Lynn Ahrens,Ahrens,https://en.wikipedia.org/wiki/Once_on_This_Island
144,1991,False,The Secret Garden,Lucy Simon,Marsha Norman,Norman,https://en.wikipedia.org/wiki/The_Secret_Garden_(musical)
145,1992,True,Crazy for You,George Gershwin,Ken Ludwig,Ira Gershwin,https://en.wikipedia.org/wiki/Crazy_for_You_(musical)
146,1992,False,Falsettos,Finn,William Finn & James Lapine,Finn,https://en.wikipedia.org/wiki/Falsettos
147,1992,False,Five Guys Named Moe,Various,Clarke Peters,Various,https://en.wikipedia.org/wiki/Five_Guys_Named_Moe
148,1992,False,Jelly's Last Jam,Jelly Roll Morton,George C. Wolfe,Susan Birkenhead,https://en.wikipedia.org/wiki/Jelly%27s_Last_Jam
149,1993,True,Kiss of the Spider Woman,John Kander,Terrence McNally,Fred Ebb,https://en.wikipedia.org/wiki/Kiss_of_the_Spider_Woman_(musical)
150,1993,False,Blood Brothers,Willy Russell,Willy Russell,Willy Russell,https://en.wikipedia.org/wiki/Blood_Brothers_(musical)
151,1993,False,The Goodbye Girl,Marvin Hamlisch,Neil Simon,David Zippel,https://en.wikipedia.org/wiki/The_Goodbye_Girl_(musical)
152,1993,False,The Who's Tommy,Townshend,Des McAnuff & Pete Townshend,Townshend,https://en.wikipedia.org/wiki/The_Who%27s_Tommy
153,1994,True,Passion,Stephen Sondheim,James Lapine,Stephen Sondheim,https://en.wikipedia.org/wiki/Passion_(musical)
154,1994,False,A Grand Night for Singing,Richard Rodgers,Walter Bobbie,Oscar Hammerstein II,https://en.wikipedia.org/wiki/A_Grand_Night_for_Singing
155,1994,False,Beauty and the Beast,Alan Menken,Linda Woolverton,Howard Ashman & Tim Rice,https://en.wikipedia.org/wiki/Beauty_and_the_Beast_(musical)
156,1994,False,Cyrano: The Musical,Ad van Dijk,Koen van Dijk,K. van Dijk,https://en.wikipedia.org/wiki/Cyrano:_The_Musical
157,1995,True,Sunset Boulevard,Andrew Lloyd Webber,Christopher Hampton & Don Black,Hampton & Black,https://en.wikipedia.org/wiki/Sunset_Boulevard_(musical)
158,1995,False,Smokey Joe's Cafe,Jerry Leiber & Mike Stoller,N/A,Jerry Leiber & Mike Stoller,https://en.wikipedia.org/wiki/Smokey_Joe%27s_Cafe
159,1996,True,Rent †,Jonathan Larson,Jonathan Larson,Jonathan Larson,https://en.wikipedia.org/wiki/Rent_(musical)
160,1996,False,"Bring in 'da Noise, Bring in 'da Funk","Ann Duquesnay, Zane Mark & Daryl Waters",Reg E. Gaines,"Duquesnay, Gaines & George C. Wolfe","https://en.wikipedia.org/wiki/Bring_in_%27da_Noise,_Bring_in_%27da_Funk"
161,1996,False,Chronicle of a Death Foretold,Bob Telson,Graciela Daniele & Jim Lewis,Daniele & Lewis,https://en.wikipedia.org/wiki/Chronicle_of_a_Death_Foretold_(musical)
162,1996,False,Swinging on a Star,Various,Michael Leeds,Johnny Burke,https://en.wikipedia.org/wiki/Swinging_on_a_Star_(musical)
163,1997,True,Titanic,Maury Yeston,Peter Stone,Maury Yeston,https://en.wikipedia.org/wiki/Titanic_(musical)
164,1997,False,Juan Darien,Goldenthal,Elliot Goldenthal & Julie Taymor,Goldenthal,https://en.wikipedia.org/wiki/Juan_Dari%C3%A9n:_A_Carnival_Mass
165,1997,False,Steel Pier,John Kander,David Thompson,Fred Ebb,https://en.wikipedia.org/wiki/Steel_Pier_(musical)
166,1997,False,The Life,Coleman,"Cy Coleman, David Newman & Ira Gasman",Gasman,https://en.wikipedia.org/wiki/The_Life_(musical)
167,1998,True,The Lion King,Elton John,Roger Allers & Irene Mecchi,Tim Rice,https://en.wikipedia.org/wiki/The_Lion_King_(musical)
168,1998,False,Side Show,Henry Krieger,Bill Russell,Russell,https://en.wikipedia.org/wiki/Side_Show
169,1998,False,The Scarlet Pimpernel,Frank Wildhorn,Nan Knighton,Knighton,https://en.wikipedia.org/wiki/The_Scarlet_Pimpernel_(musical)
170,1998,False,Ragtime,Stephen Flaherty,Terrence McNally,Lynn Ahrens,https://en.wikipedia.org/wiki/Ragtime_(musical)
171,1999,True,Fosse,Various,N/A,Various,https://en.wikipedia.org/wiki/Fosse_(musical)
172,1999,False,The Civil War,Wildhorn,Gregory Boyd & Frank Wildhorn,Jack Murphy,https://en.wikipedia.org/wiki/The_Civil_War_(musical)
173,1999,False,It Ain't Nothin' But the Blues,Various,"Charles Bevel, Lita Gaithers, Randal Myler, Ron Taylor & Dan Wheetman",Various,https://en.wikipedia.org/wiki/It_Ain%27t_Nothin%27_But_the_Blues
174,1999,False,Parade,Jason Robert Brown,Alfred Uhry,Jason Robert Brown,https://en.wikipedia.org/wiki/Parade_(musical)
175,2000,True,Contact,Various,John Weidman,Various,https://en.wikipedia.org/wiki/Contact_(musical)
176,2000,False,James Joyce's The Dead,Shaun Davey,Richard Nelson,Davey & Nelson,https://en.wikipedia.org/wiki/James_Joyce%27s_The_Dead
177,2000,False,Swing!,Various,Paul Kelley,Various,https://en.wikipedia.org/wiki/Swing!
178,2000,False,The Wild Party,LaChiusa,Michael John LaChiusa & George C. Wolfe,LaChiusa,https://en.wikipedia.org/wiki/The_Wild_Party_(LaChiusa_musical)
179,2001,True,The Producers,Brooks,Mel Brooks & Thomas Meehan,Brooks,https://en.wikipedia.org/wiki/The_Producers_(musical)
180,2001,False,A Class Act,Ed Kleban,Linda Kline & Lonny Price,Ed Kleban,https://en.wikipedia.org/wiki/A_Class_Act
181,2001,False,The Full Monty,David Yazbek,Terrence McNally,David Yazbek,https://en.wikipedia.org/wiki/The_Full_Monty_(musical)
182,2001,False,Jane Eyre,Paul Gordon,John Caird,Caird & Gordon,https://en.wikipedia.org/wiki/Jane_Eyre_(musical)
183,2002,True,Thoroughly Modern Millie,Jeanine Tesori,Richard Morris & Dick Scanlan,Scanlan,https://en.wikipedia.org/wiki/Thoroughly_Modern_Millie_(musical)
184,2002,False,Mamma Mia!,Benny Andersson & Björn Ulvaeus,Catherine Johnson,Benny Andersson & Björn Ulvaeus,https://en.wikipedia.org/wiki/Mamma_Mia!
185,2002,False,Sweet Smell of Success,Marvin Hamlisch,John Guare,Craig Carnelia,https://en.wikipedia.org/wiki/Sweet_Smell_of_Success_(musical)
186,2002,False,Urinetown,Mark Hollman,Greg Kotis,Hollmann & Kotis,https://en.wikipedia.org/wiki/Urinetown
187,2003,True,Hairspray,Marc Shaiman,Thomas Meehan & Mark O'Donnell,Shaiman & Scott Wittman,https://en.wikipedia.org/wiki/Hairspray_(musical)
188,2003,False,Amour,Michel Legrand,Jeremy Sams & Didier Van Cauwelaert,Sams & Van Cauwelaert,https://en.wikipedia.org/wiki/Amour_(musical)
189,2003,False,A Year with Frog and Toad,Robert Reale,Willie Reale,W. Reale,https://en.wikipedia.org/wiki/A_Year_with_Frog_and_Toad
190,2003,False,Movin' Out,Billy Joel,Twyla Tharp,Billy Joel,https://en.wikipedia.org/wiki/Movin%27_Out_(musical)
191,2004,True,Avenue Q,Robert Lopez & Jeff Marx,Jeff Whitty,Robert Lopez & Jeff Marx,https://en.wikipedia.org/wiki/Avenue_Q
192,2004,False,The Boy from Oz,Peter Allen,Martin Sherman,Peter Allen,https://en.wikipedia.org/wiki/The_Boy_from_Oz
193,2004,False,"Caroline, or Change",Jeanine Tesori,Tony Kushner,Kushner,"https://en.wikipedia.org/wiki/Caroline,_or_Change"
194,2004,False,Wicked,Stephen Schwartz,Winnie Holzman,Stephen Schwartz,https://en.wikipedia.org/wiki/Wicked_(musical)
195,2005,True,Spamalot,John Du Prez & Idle,Eric Idle,Idle,https://en.wikipedia.org/wiki/Spamalot
196,2005,False,The Light in the Piazza,Adam Guettel,Craig Lucas,Adam Guettel,https://en.wikipedia.org/wiki/The_Light_in_the_Piazza_(musical)
197,2005,False,Dirty Rotten Scoundrels,David Yazbek,Jeffrey Lane,David Yazbek,https://en.wikipedia.org/wiki/Dirty_Rotten_Scoundrels_(musical)
198,2005,False,The 25th Annual Putnam County Spelling Bee,William Finn,Rachel Sheinkin,William Finn,https://en.wikipedia.org/wiki/The_25th_Annual_Putnam_County_Spelling_Bee
199,2006,True,Jersey Boys,Bob Crewe & Bob Gaudio,Marshall Brickman & Rick Elice,Bob Crewe & Bob Gaudio,https://en.wikipedia.org/wiki/Jersey_Boys
200,2006,False,The Color Purple,"Stephen Bray, Brenda Russell & Allee Willis",Marsha Norman,"Stephen Bray, Brenda Russell & Allee Willis",https://en.wikipedia.org/wiki/The_Color_Purple_(musical)
201,2006,False,The Drowsy Chaperone,Lisa Lambert & Greg Morrison,Bob Martin & Don McKellar,Lisa Lambert & Greg Morrison,https://en.wikipedia.org/wiki/The_Drowsy_Chaperone
202,2006,False,The Wedding Singer,Matthew Sklar,Chad Beguelin & Tim Herlihy,Beguelin,https://en.wikipedia.org/wiki/The_Wedding_Singer_(musical)
203,2007,True,Spring Awakening,Duncan Sheik,Steven Sater,Sater,https://en.wikipedia.org/wiki/Spring_Awakening_(musical)
204,2007,False,Curtains,John Kander,Rupert Holmes,Fred Ebb,https://en.wikipedia.org/wiki/Curtains_(musical)
205,2007,False,Grey Gardens,Scott Frankel,Doug Wright,Michael Korie,https://en.wikipedia.org/wiki/Grey_Gardens_(musical)
206,2007,False,Mary Poppins,"Anthony Drewe, Sherman Brothers & George Stiles",Julian Fellowes,"Anthony Drewe, Sherman Brothers & George Stiles",https://en.wikipedia.org/wiki/Mary_Poppins_(musical)
207,2008,True,In the Heights,Lin-Manuel Miranda,Quiara Alegría Hudes,Lin-Manuel Miranda,https://en.wikipedia.org/wiki/In_the_Heights
208,2008,False,Cry-Baby,Adam Schlesinger,Thomas Meehan & Mark O'Donnell,David Javerbaum,https://en.wikipedia.org/wiki/Cry-Baby_(musical)
209,2008,False,Passing Strange,Heidi Rodewald & Stew,Stew,Stew,https://en.wikipedia.org/wiki/Passing_Strange_(musical)
210,2008,False,Xanadu,John Farrar & Jeff Lynne,Douglas Carter Beane,John Farrar & Jeff Lynne,https://en.wikipedia.org/wiki/Xanadu_(musical)
211,2009,True,Billy Elliot the Musical,Elton John,Lee Hall,Hall,https://en.wikipedia.org/wiki/Billy_Elliot_the_Musical
212,2009,False,Next to Normal †,Tom Kitt,Brian Yorkey,Yorkey,https://en.wikipedia.org/wiki/Next_to_Normal
213,2009,False,Rock of Ages,Various,Chris D'Arienzo,Various,https://en.wikipedia.org/wiki/Rock_of_Ages_(musical)
214,2009,False,Shrek The Musical,Jeanine Tesori,David Lindsay-Abaire,Lindsay-Abaire,https://en.wikipedia.org/wiki/Shrek_The_Musical
215,2010,True,Memphis,David Bryan,Joe DiPietro,Bryan & DiPietro,https://en.wikipedia.org/wiki/Memphis_(musical)
216,2010,False,American Idiot,Green Day,Billie Joe Armstrong & Michael Mayer,Armstrong,https://en.wikipedia.org/wiki/American_Idiot_(musical)
217,2010,False,Fela!,Fela,Bill T. Jones & Jim Lewis,Fela,https://en.wikipedia.org/wiki/Fela!
218,2010,False,Million Dollar Quartet,Various,Colin Escott & Floyd Mutrux,Various,https://en.wikipedia.org/wiki/Million_Dollar_Quartet_(musical)
219,2011,True,The Book of Mormon,"Robert Lopez, Trey Parker & Matt Stone","Robert Lopez, Trey Parker & Matt Stone","Robert Lopez, Trey Parker & Matt Stone",https://en.wikipedia.org/wiki/The_Book_of_Mormon_(musical)
220,2011,False,Catch Me If You Can,Marc Shaiman,Terrence McNally,Shaiman & Scott Wittman,https://en.wikipedia.org/wiki/Catch_Me_If_You_Can_(musical)
221,2011,False,The Scottsboro Boys,John Kander,David Thompson,Fred Ebb,https://en.wikipedia.org/wiki/The_Scottsboro_Boys_(musical)
222,2011,False,Sister Act,Alan Menken,"Cheri, Bill Steinkellner & Douglas Carter Beane",Glenn Slater,https://en.wikipedia.org/wiki/Sister_Act_(musical)
223,2012,True,Once,Glen Hansard & Markéta Irglová,Enda Walsh,Glen Hansard & Markéta Irglová,https://en.wikipedia.org/wiki/Once_(musical)
224,2012,False,Leap of Faith,Alan Menken,Janus Cercone & Glenn Slater,Slater,https://en.wikipedia.org/wiki/Leap_of_Faith_(musical)
225,2012,False,Newsies,Menken,Harvey Fierstein,Jack Feldman,https://en.wikipedia.org/wiki/Newsies_(musical)
226,2012,False,Nice Work If You Can Get It,George Gershwin,Joe DiPietro,Ira Gershwin,https://en.wikipedia.org/wiki/Nice_Work_If_You_Can_Get_It_(musical)
227,2013,True,Kinky Boots,Cyndi Lauper,Harvey Fierstein,Cyndi Lauper,https://en.wikipedia.org/wiki/Kinky_Boots_(musical)
228,2013,False,Bring It On: The Musical,Tom Kitt & Lin-Manuel Miranda,Jeff Whitty,Amanda Green & Miranda,https://en.wikipedia.org/wiki/Bring_It_On:_The_Musical
229,2013,False,A Christmas Story: The Musical,Benj Pasek & Justin Paul,Joseph Robinette,Benj Pasek & Justin Paul,https://en.wikipedia.org/wiki/A_Christmas_Story:_The_Musical
230,2013,False,Matilda the Musical,Tim Minchin,Dennis Kelly,Tim Minchin,https://en.wikipedia.org/wiki/Matilda_the_Musical
231,2014,True,A Gentleman's Guide to Love and Murder,Steven Lutvak,Robert L. Freedman,Freedman & Lutvak,https://en.wikipedia.org/wiki/A_Gentleman%27s_Guide_to_Love_and_Murder
232,2014,False,After Midnight,Various,Jack Viertel,Various,https://en.wikipedia.org/wiki/After_Midnight_(musical)
233,2014,False,Aladdin,Alan Menken,Chad Beguelin,"Howard Ashman, Beguelin & Tim Rice",https://en.wikipedia.org/wiki/Aladdin_(2011_musical)
234,2014,False,Beautiful: The Carole King Musical,"Gerry Goffin, Carole King, Barry Mann & Cynthia Weil",Douglas McGrath,"Gerry Goffin, Carole King, Barry Mann & Cynthia Weil",https://en.wikipedia.org/wiki/Beautiful:_The_Carole_King_Musical
235,2015,True,Fun Home,Jeanine Tesori,Lisa Kron,Kron,https://en.wikipedia.org/wiki/Fun_Home_(musical)
236,2015,False,An American in Paris,George Gershwin,Craig Lucas,Ira Gershwin,https://en.wikipedia.org/wiki/An_American_in_Paris_(musical)
237,2015,False,Something Rotten!,Karey & Wayne Kirkpatrick,Karey Kirkpatrick & John O'Farrell,Karey & Wayne Kirkpatrick,https://en.wikipedia.org/wiki/Something_Rotten!
238,2015,False,The Visit,John Kander,Terrence McNally,Fred Ebb,https://en.wikipedia.org/wiki/The_Visit_(musical)
239,2016,True,Hamilton †,Lin-Manuel Miranda,Lin-Manuel Miranda,Lin-Manuel Miranda,https://en.wikipedia.org/wiki/Hamilton_(musical)
240,2016,False,Bright Star,Edie Brickell & Martin,Steve Martin,Brickell,https://en.wikipedia.org/wiki/Bright_Star_(musical)
241,2016,False,School of Rock,Andrew Lloyd Webber,Julian Fellowes,Glenn Slater,https://en.wikipedia.org/wiki/School_of_Rock_(musical)
242,2016,False,Shuffle Along,Eubie Blake & Noble Sissle,George C. Wolfe,Eubie Blake & Noble Sissle,"https://en.wikipedia.org/wiki/Shuffle_Along,_or,_the_Making_of_the_Musical_Sensation_of_1921_and_All_That_Followed"
243,2016,False,Waitress,Sara Bareilles,Jessie Nelson,Sara Bareilles,https://en.wikipedia.org/wiki/Waitress_(musical)
244,2017,True,Dear Evan Hansen,Benj Pasek & Justin Paul,Steven Levenson,Benj Pasek & Justin Paul,https://en.wikipedia.org/wiki/Dear_Evan_Hansen
245,2017,False,Come from Away,David Hein & Irene Sankoff,David Hein & Irene Sankoff,David Hein & Irene Sankoff,https://en.wikipedia.org/wiki/Come_from_Away
246,2017,False,Groundhog Day,Tim Minchin,Danny Rubin,Tim Minchin,https://en.wikipedia.org/wiki/Groundhog_Day_(musical)
247,2017,False,"Natasha, Pierre & The Great Comet of 1812",Dave Malloy,Dave Malloy,Dave Malloy,"https://en.wikipedia.org/wiki/Natasha,_Pierre_%26_The_Great_Comet_of_1812"
248,2018,True,The Band's Visit,David Yazbek,Itamar Moses,David Yazbek,https://en.wikipedia.org/wiki/The_Band%27s_Visit_(musical)
249,2018,False,Frozen,Kristen Anderson-Lopez & Robert Lopez,Jennifer Lee,Kristen Anderson-Lopez & Robert Lopez,https://en.wikipedia.org/wiki/Frozen_(musical)
250,2018,False,Mean Girls,Jeff Richmond,Tina Fey,Nell Benjamin,https://en.wikipedia.org/wiki/Mean_Girls_(musical)
251,2018,False,SpongeBob SquarePants,Various,Kyle Jarrow,Various,https://en.wikipedia.org/wiki/SpongeBob_SquarePants_(musical)
252,2019,True,Hadestown,Anaïs Mitchell,Anaïs Mitchell,Anaïs Mitchell,https://en.wikipedia.org/wiki/Hadestown_(musical)
253,2019,False,Ain’t Too Proud,The Temptations,Dominique Morisseau,The Temptations,https://en.wikipedia.org/wiki/Ain%27t_Too_Proud_(musical)
254,2019,False,Beetlejuice,Eddie Perfect,Scott Brown & Anthony King,Eddie Perfect,https://en.wikipedia.org/wiki/Beetlejuice_(musical)
255,2019,False,The Prom,Matthew Sklar,Chad Beguelin & Bob Martin,Beguelin,https://en.wikipedia.org/wiki/The_Prom_(musical)
256,2019,False,Tootsie,David Yazbek,Robert Horn,David Yazbek,https://en.wikipedia.org/wiki/Tootsie_(musical)
